epoch,train_loss,train_loss_cls,train_loss_mmd,trg_mAcc,trg_OA,src_mAcc,src_OA,lr,trg_precision,src_precision,loss_mmd_list,weight_mmd_list
1,7.831751692097801,1.9150745826410063,11.833354222859052,0.1608622741268191,0.2383380423262137,0.14622398035109022,0.14622398035109022,0.00010000900000000001,0.18207967281341553,0.1381811499595642,"[1.0983892679214478, 1.0996906757354736, 1.0988341569900513, 1.0985734462738037]","[2.7182817459106445, 2.7182817459106445, 2.7182817459106445, 2.7182817459106445]"
2,1.7709998117834682,1.4467703118110098,0.6484590010854017,0.16666666666666666,0.22641399391719086,0.38245427629637224,0.38245427629637224,0.00020000800000000003,0.22641399502754211,0.3824542760848999,"[0.07094120979309082, 0.0704495906829834, 0.0692223310470581, 0.06706827878952026]","[2.6992876529693604, 2.6997392177581787, 2.699941396713257, 2.6999711990356445]"
3,1.6633695943135742,1.44097596956483,0.4447872506335695,0.14276630512154953,0.1918072164235847,0.3817441602944851,0.3817441602944851,0.00030000700000000003,0.19663196802139282,0.3738906979560852,"[0.1115792989730835, 0.1099390983581543, 0.10845702886581421, 0.10657650232315063]","[2.6592109203338623, 2.6601786613464355, 2.6607799530029297, 2.6607284545898438]"
4,1.6584843549322574,1.4400472047762949,0.436874302786645,0.14627206676587237,0.19810495437893136,0.3853413416665446,0.3853413416665446,0.00040000600000000006,0.15969012677669525,0.4272930324077606,"[0.07491695880889893, 0.0732070803642273, 0.07391679286956787, 0.07428860664367676]","[2.568148612976074, 2.5702435970306396, 2.571521759033203, 2.571246385574341]"
5,1.6522038157668237,1.4386270608462342,0.42715350509649824,0.1661069042995275,0.2256295217852123,0.38245427629637224,0.38245427629637224,0.0005000050000000001,0.20001736283302307,0.2078961282968521,"[0.06846463680267334, 0.06864136457443237, 0.0685204267501831, 0.06869035959243774]","[2.397808074951172, 2.40156626701355, 2.4037652015686035, 2.403104782104492]"
6,1.517564775532301,1.3221105571756973,0.39090843138947695,0.14781157823444843,0.1885433227344992,0.6241724374687383,0.6241724374687383,0.0006000040000000001,0.36092692613601685,0.6106874942779541,"[0.010972023010253906, 0.01024627685546875, 0.010834157466888428, 0.011753320693969727]","[2.1358349323272705, 2.1413798332214355, 2.1440958976745605, 2.1425042152404785]"
7,1.0387013834982617,0.8571358877575426,0.3631309932428049,0.15102107557656666,0.2045625388815926,0.7073341224497405,0.7073341224497405,0.0007000030000000001,0.34719523787498474,0.7027185559272766,"[0.05291295051574707, 0.05504387617111206, 0.05079925060272217, 0.0557786226272583]","[1.775850772857666, 1.7860244512557983, 1.7883573770523071, 1.7839215993881226]"
8,0.8156116662577816,0.6756999785384388,0.2798233759847093,0.19770806875854563,0.23321827262044653,0.7151516119855154,0.7151516119855154,0.0008000020000000002,0.31383779644966125,0.6597067713737488,"[0.017658352851867676, 0.018074750900268555, 0.016952872276306152, 0.017907917499542236]","[1.4098957777023315, 1.418253779411316, 1.418798565864563, 1.415358066558838]"
9,0.741483962458358,0.6373053659149941,0.20835719306911418,0.2887485360497258,0.43371768507638075,0.7376911377079142,0.7376911377079142,0.0009000010000000002,0.4301271438598633,0.7237719893455505,"[0.05191463232040405, 0.05291014909744263, 0.04930764436721802, 0.051159024238586426]","[1.075117588043213, 1.0808532238006592, 1.0809513330459595, 1.078516960144043]"
10,0.6876365290184111,0.6112163310637148,0.15284039558243914,0.2955122530865807,0.49455801709638025,0.7436933932138652,0.7436933932138652,0.0009998766400914328,0.41656994819641113,0.707893431186676,"[0.0468716025352478, 0.0465661883354187, 0.04171985387802124, 0.04683709144592285]","[0.7926260232925415, 0.7956686019897461, 0.7950169444084167, 0.793128490447998]"
11,0.6526246477385221,0.5966171007911646,0.1120150933674059,0.35242327871457463,0.5430271623925716,0.7367320372828654,0.7367320372828654,0.0009998507370887434,0.41481924057006836,0.7087070941925049,"[0.029486536979675293, 0.037040114402770996, 0.028872251510620117, 0.0373530387878418]","[0.5602678656578064, 0.5638386011123657, 0.5630657076835632, 0.5617398023605347]"
12,0.6297937832755118,0.5918965961423044,0.07579437534965522,0.3130953974346022,0.5398579525817377,0.7528711987157553,0.7528711987157553,0.0009998223681601474,0.38329994678497314,0.7292574048042297,"[0.03303271532058716, 0.03720521926879883, 0.034630417823791504, 0.03982311487197876]","[0.4056521952152252, 0.4076825976371765, 0.4073067605495453, 0.4058505892753601]"
13,0.6083461790220112,0.580451705636144,0.05578894776525526,0.2717704217321916,0.512794204050598,0.7443822057356957,0.7443822057356957,0.000999791533585635,0.40553414821624756,0.7139462828636169,"[0.09353047609329224, 0.0908973217010498, 0.09119188785552979, 0.07218122482299805]","[0.2915269732475281, 0.29234373569488525, 0.2924249768257141, 0.291246235370636]"
14,0.5925627604443976,0.5731389848053032,0.0388475523724377,0.2358749028181679,0.32925328621460337,0.7577962970113437,0.7577962970113437,0.000999758233669531,0.2912706434726715,0.7405443787574768,"[0.0368272066116333, 0.03415566682815552, 0.032201170921325684, 0.03369617462158203]","[0.21099932491779327, 0.21166712045669556, 0.21195191144943237, 0.21102078258991241]"
15,0.5764281293883673,0.5621742790754242,0.02850770191058305,0.3064948048225661,0.4604901816778415,0.7489526898528418,0.7489526898528418,0.0009997224687404926,0.2953566610813141,0.7236747741699219,"[0.199987530708313, 0.1964779496192932, 0.18857085704803467, 0.19270920753479004]","[0.15195702016353607, 0.15257085859775543, 0.15277718007564545, 0.15198758244514465]"
16,0.5632507491407664,0.5532554754410511,0.019990547499608415,0.41501156913017345,0.5500712109167991,0.7633729267386635,0.7633729267386635,0.0009996842391515044,0.38766565918922424,0.7230134606361389,"[0.03128945827484131, 0.0331270694732666, 0.04198455810546875, 0.03148949146270752]","[0.10984403640031815, 0.1105370819568634, 0.11074814200401306, 0.1100718304514885]"
17,0.5459388977810564,0.5388818712240133,0.014114053794414017,0.31788193934332926,0.4502844836524504,0.7607512672241965,0.7607512672241965,0.0009996435452798774,0.2748236656188965,0.7472566962242126,"[0.048669636249542236, 0.04113960266113281, 0.04038971662521362, 0.03829258680343628]","[0.07980918139219284, 0.0804300308227539, 0.08049656450748444, 0.08008518815040588]"
18,0.5343239627267734,0.5290948318462845,0.010458261919707109,0.39768003922650075,0.46899048985046426,0.7585920707559585,0.7585920707559585,0.0009996003875272438,0.404794305562973,0.7104362845420837,"[0.05397313833236694, 0.0471612811088562, 0.04556781053543091, 0.044852495193481445]","[0.057542745023965836, 0.05805174261331558, 0.0580904558300972, 0.05782300978899002]"
19,0.5247436350048574,0.521031736517347,0.007423795509233578,0.3580972963675518,0.5384841363102233,0.7660762495933476,0.7660762495933476,0.000999554766319553,0.3361116647720337,0.753790557384491,"[0.050052106380462646, 0.054150164127349854, 0.05155229568481445, 0.045185625553131104]","[0.041581667959690094, 0.04194670170545578, 0.04197058081626892, 0.04178834706544876]"
20,0.5258859287128381,0.5231749026135631,0.005422053563196089,0.38252172123150036,0.453917392456395,0.7633099039434961,0.7633099039434961,0.000999506682107068,0.32327455282211304,0.7389428019523621,"[0.11092197895050049, 0.10609185695648193, 0.10469788312911987, 0.0979188084602356]","[0.029981108382344246, 0.03016475774347782, 0.030184967443346977, 0.03001997619867325]"
21,0.5155807082534681,0.5136802347627938,0.00380094780454695,0.27527525800170677,0.4739396125665307,0.777819349152055,0.777819349152055,0.0009994561353643605,0.25901731848716736,0.7815085053443909,"[0.08779478073120117, 0.08416968584060669, 0.08507227897644043, 0.0819852352142334]","[0.021741027012467384, 0.02184627205133438, 0.02185979299247265, 0.02172178402543068]"
22,0.5117161218649389,0.5103234483136071,0.002785347187670056,0.3764467618091756,0.5177519671205733,0.7727579973486044,0.7727579973486044,0.0009994031265903062,0.3701203763484955,0.7617314457893372,"[0.06419599056243896, 0.07140839099884033, 0.06698143482208252, 0.065762460231781]","[0.01561749167740345, 0.015654128044843674, 0.01567012630403042, 0.015551123768091202]"
23,0.5104501113542147,0.5094635746932763,0.0019730733263146148,0.30136253607546215,0.4063043622266768,0.7815527840319765,0.7815527840319765,0.000999347656308081,0.23401755094528198,0.7617130875587463,"[0.0982208251953125, 0.09868395328521729, 0.0966765284538269, 0.09548664093017578]","[0.011286057531833649, 0.011344578117132187, 0.011351233348250389, 0.011243247427046299]"
24,0.4997062580241661,0.4989926067156713,0.001427301056872961,0.30003133910248253,0.5181217022649248,0.7679997763134594,0.7679997763134594,0.0009992897250651535,0.26376044750213623,0.7456996440887451,"[0.04211181402206421, 0.03393346071243286, 0.04538780450820923, 0.04013794660568237]","[0.008133482187986374, 0.008162937127053738, 0.008174879476428032, 0.008085994981229305]"
25,0.500179347381806,0.49966059043897804,0.0010375142292427526,0.2704148808757574,0.5108965663233566,0.7714713559176851,0.7714713559176851,0.000999229333433282,0.31137606501579285,0.7474774718284607,"[0.04148977994918823, 0.05969732999801636, 0.060009002685546875, 0.06109493970870972]","[0.005855883471667767, 0.005864291451871395, 0.005868591368198395, 0.005806017201393843]"
26,0.49876842142278704,0.49838508172379037,0.000766679773745804,0.3297620499730517,0.4867093356143868,0.7606198957638474,0.7606198957638474,0.0009991664820085074,0.2980763912200928,0.7382085919380188,"[0.1120445728302002, 0.1268596649169922, 0.11914223432540894, 0.1275317668914795]","[0.004173749592155218, 0.00417921831831336, 0.004181919153779745, 0.00413403008133173]"
27,0.49555092123524236,0.49528127383819426,0.0005392942368317793,0.3126101325569512,0.4837064526162992,0.77472812543134,0.77472812543134,0.000999101171411148,0.2992985248565674,0.7566404938697815,"[0.06573021411895752, 0.0530737042427063, 0.04888129234313965, 0.05589014291763306]","[0.0029902737587690353, 0.002993121277540922, 0.00298940553329885, 0.00296026817522943]"
28,0.490631448215063,0.49044025148623943,0.000382394464442777,0.31471788677891627,0.5338298656712979,0.7661614635135741,0.7661614635135741,0.000999033402285793,0.34692129492759705,0.7590551972389221,"[0.0807269811630249, 0.07952773571014404, 0.08050024509429932, 0.07092785835266113]","[0.002149702049791813, 0.0021535721607506275, 0.0021564543712884188, 0.002134405542165041]"
29,0.49146806228527223,0.4913259426893636,0.0002842391488453234,0.4434542262537735,0.5090464505426142,0.7464335533361471,0.7464335533361471,0.0009989631753012963,0.3436650335788727,0.6869871020317078,"[0.11726385354995728, 0.09630793333053589, 0.09695583581924438, 0.09479975700378418]","[0.0015264669200405478, 0.001532010268419981, 0.0015356526710093021, 0.0015202584909275174]"
30,0.49056563042016177,0.4904673725507502,0.00019651541636752276,0.30113990394550477,0.5057893971337066,0.7804445592465314,0.7804445592465314,0.00099889049115077,0.37367844581604004,0.7531570792198181,"[0.1153150200843811, 0.10160458087921143, 0.06973141431808472, 0.06516438722610474]","[0.001097685075365007, 0.0011059081880375743, 0.0011029753368347883, 0.0010911576682701707]"
31,0.48918359474791984,0.4891078035318541,0.00015158426496962948,0.3389826181472522,0.47481336835556787,0.7696365936978092,0.7696365936978092,0.000998815350551577,0.3338736593723297,0.7490548491477966,"[0.05311840772628784, 0.028206169605255127, 0.028597712516784668, 0.03063446283340454]","[0.0007668479229323566, 0.000777791254222393, 0.0007744442555122077, 0.0007672070642001927]"
32,0.48616003828127613,0.486104864565475,0.0001103466401031552,0.34835334718786354,0.4497520218428147,0.7652400880011255,0.7652400880011255,0.000998737754245325,0.2681237757205963,0.7494074702262878,"[0.029247939586639404, 0.050866901874542236, 0.09255063533782959, 0.08799010515213013]","[0.0005368799320422113, 0.0005455923383124173, 0.0005431313184089959, 0.0005386564880609512]"
33,0.48375463094694393,0.4837149889263419,7.928433443978181e-05,0.3289743204085673,0.43081848632519987,0.7804117163814441,0.7804117163814441,0.000998657702997858,0.3097360134124756,0.7702175974845886,"[0.09747397899627686, 0.0707353949546814, 0.04416018724441528, 0.04691225290298462]","[0.00038062737439759076, 0.00038569941534660757, 0.00038002891233190894, 0.0003792960778810084]"
34,0.4806752553645601,0.4806467433488679,5.702416156033323e-05,0.30868786700547995,0.4598198342204097,0.7717869137160237,0.7717869137160237,0.0009985751975992497,0.2954065799713135,0.7591614127159119,"[0.15261685848236084, 0.08156383037567139, 0.04994070529937744, 0.04409456253051758]","[0.0002659169549588114, 0.0002733616856858134, 0.00026966544101014733, 0.0002684584178496152]"
35,0.4788245112408419,0.47880365475836095,4.170978013301187e-05,0.3236252252258682,0.4846482511923688,0.793054000327541,0.793054000327541,0.000998490238863795,0.32510265707969666,0.7863917946815491,"[0.03953719139099121, 0.05611121654510498, 0.05629676580429077, 0.1091383695602417]","[0.00018283996905665845, 0.0001917658228194341, 0.00019174187036696821, 0.00019052262359764427]"
36,0.4801380293659566,0.4801221681542994,3.172246793724029e-05,0.3950309049782117,0.4791677467109053,0.7647390123972939,0.7647390123972939,0.000998402827630002,0.3808189332485199,0.746513843536377,"[0.06751477718353271, 0.08129972219467163, 0.08174359798431396, 0.08902359008789062]","[0.0001269758358830586, 0.00013197833322919905, 0.0001330006489297375, 0.0001326736673945561]"
37,0.47513175405227265,0.4751207882419546,2.193239831111451e-05,0.332077660802732,0.46476787689223753,0.7839072624007335,0.7839072624007335,0.000998312964760585,0.2884328067302704,0.7733318209648132,"[0.2533673048019409, 0.2573539614677429, 0.2052704095840454, 0.2068389654159546]","[9.192009019898251e-05, 9.27399451029487e-05, 9.351483458885923e-05, 9.284896805183962e-05]"
38,0.4734855979046923,0.4734779178708721,1.5361137988493154e-05,0.3183843411054638,0.33002263772724133,0.7789049389899398,0.7789049389899398,0.0009982206511424535,0.2839662730693817,0.7477376461029053,"[0.016518890857696533, 0.04213780164718628, 0.03124403953552246, 0.02557295560836792]","[6.64973704260774e-05, 6.54125033179298e-05, 6.567747914232314e-05, 6.581184425158426e-05]"
39,0.47594725264866017,0.4759410117746245,1.2482747588612135e-05,0.3315553809361714,0.42803233220432707,0.7625673888990229,0.7625673888990229,0.0009981258876867061,0.3370899260044098,0.7430515289306641,"[0.1682349443435669, 0.1531972885131836, 0.10287046432495117, 0.10057508945465088]","[4.490190985961817e-05, 4.5777611376252025e-05, 4.490606443141587e-05, 4.566763891489245e-05]"
40,0.4712867989924783,0.47128256785531414,8.462303446803663e-06,0.28235533547269154,0.40926584352895096,0.7848659190032812,0.7848659190032812,0.0009980286753286196,0.23765140771865845,0.7737603187561035,"[0.0648154616355896, 0.04968661069869995, 0.056787192821502686, 0.04243648052215576]","[3.324717908981256e-05, 3.203634696546942e-05, 3.1220653909258544e-05, 3.186154572176747e-05]"
41,0.4702515725055203,0.4702485436243368,6.058571260214743e-06,0.3317864166388245,0.4719044492062395,0.793283900383152,0.793283900383152,0.0009979290150276409,0.2857186794281006,0.7824675440788269,"[0.07505595684051514, 0.042476534843444824, 0.05323433876037598, 0.040780723094940186]","[2.342921834497247e-05, 2.270356890221592e-05, 2.2327551050693728e-05, 2.2580252334591933e-05]"
42,0.4688291225238895,0.4688269034838282,4.437474623646955e-06,0.3475046296361513,0.42772271952259167,0.8037696507960178,0.8037696507960178,0.0009978269077673767,0.27807268500328064,0.7939348816871643,"[0.09618198871612549, 0.07636946439743042, 0.07697606086730957, 0.0838060975074768]","[1.630342194403056e-05, 1.631413761060685e-05, 1.5829313269932754e-05, 1.5992827684385702e-05]"
43,0.47072638782626347,0.4707244836128632,3.8083522185042408e-06,0.32772374569650214,0.4203283766503076,0.7909334164169055,0.7909334164169055,0.0009977223545555847,0.2885366380214691,0.7781285643577576,"[0.07659858465194702, 0.0559389591217041, 0.09969890117645264, 0.13874036073684692]","[1.0897873835347127e-05, 1.114640872401651e-05, 1.0756938536360394e-05, 1.0747833584900945e-05]"
44,0.46612807778954224,0.4661269333944535,2.287293375999698e-06,0.27578133119160103,0.40524843897606044,0.7727353624010442,0.7727353624010442,0.0009976153564241628,0.2346809059381485,0.752357542514801,"[0.02746713161468506, 0.09782087802886963, 0.1492466926574707, 0.12116146087646484]","[8.229732884501573e-06, 7.843397725082468e-06, 7.597552212246228e-06, 7.813930096745025e-06]"
45,0.46475673419363955,0.46475599991514327,1.4671912753243868e-06,0.2973255507333522,0.3790987678855326,0.78835747062006,0.78835747062006,0.0009975059144291393,0.24894849956035614,0.7877992987632751,"[0.1531950831413269, 0.03946799039840698, 0.06126302480697632, 0.06238663196563721]","[5.94295988776139e-06, 5.959112058917526e-06, 5.80644291403587e-06, 5.89251749261166e-06]"
46,0.465317459517196,0.46531690827991384,1.1017566628837185e-06,0.3827729779459788,0.46662195283518815,0.792027438882313,0.792027438882313,0.0009973940296506628,0.28412631154060364,0.7697892785072327,"[0.10451394319534302, 0.07761400938034058, 0.04776197671890259, 0.04454338550567627]","[4.2616129576344974e-06, 4.419588549353648e-06, 4.305597485654289e-06, 4.363144398666918e-06]"
47,0.46514905244112015,0.465148642359755,8.199852999806368e-07,0.2862385065776907,0.35185609202552937,0.7890560472369165,0.7890560472369165,0.0009972797031929904,0.24430334568023682,0.7791929841041565,"[0.14397746324539185, 0.044988393783569336, 0.03051358461380005, 0.042955756187438965]","[3.0201497338566696e-06, 3.290802396804793e-06, 3.197848627678468e-06, 3.2263553748634877e-06]"
48,0.4660702846574445,0.46606994573528887,6.773763834436051e-07,0.3146083116806286,0.44178237540609666,0.7954737206039714,0.7954737206039714,0.0009971629361844785,0.30186864733695984,0.7891724705696106,"[0.059659481048583984, 0.03601109981536865, 0.04484766721725464, 0.04747205972671509]","[2.2141830413602293e-06, 2.1594044028461212e-06, 2.2501735656987876e-06, 2.3055281417327933e-06]"
49,0.46206534962141205,0.46206518024840254,3.3783529276099434e-07,0.29626430183571817,0.40176853643925253,0.7806251950045114,0.7806251950045114,0.0009970437297775702,0.2512153089046478,0.7782594561576843,"[0.11717879772186279, 0.11517328023910522, 1.1920928955078125e-07, 2.8967857360839844e-05]","[1.6486878848809283e-06, 1.5857469861657592e-06, 2.1544224182434846e-06, 1.7326117358607007e-06]"
50,0.4608557426478564,0.46085566303408737,1.5743985363746237e-07,0.2984105558150653,0.41074838425381904,0.7859954472687829,0.7859954472687829,0.0009969220851487844,0.2522445619106293,0.7681518197059631,"[0.08429211378097534, 0.0604778528213501, 0.0, 9.5367431640625e-07]","[1.2300560001676786e-06, 1.1928332241950557e-06, 2.1544224182434846e-06, 1.7320286360700266e-06]"
51,0.4621232282854705,0.46212316392513597,1.287213900859134e-07,0.27240046710707005,0.4653312999700468,0.7833671304167982,0.7833671304167982,0.000996798003498705,0.23914594948291779,0.7656489014625549,"[0.10805606842041016, 0.12512779235839844, 0.0, 0.0]","[9.170906309918792e-07, 8.64501373598614e-07, 2.1544224182434846e-06, 1.7320286360700266e-06]"
52,0.446820905145883,0.4468208506315876,1.0765271947845826e-07,0.28002940810229515,0.37279094951729225,0.8029965119989633,0.8029965119989633,0.000996671486051967,0.23282675445079803,0.7775571346282959,"[0.044244349002838135, 0.04182553291320801, 0.0, 0.0]","[6.738832780683879e-07, 5.916079430789978e-07, 2.1544224182434846e-06, 1.73190471741691e-06]"
53,0.40664400244858245,0.4066439740905807,5.545396313407909e-08,0.3115244492728214,0.48375181447432086,0.8334609323024225,0.8334609323024225,0.0009965425340572472,0.26092445850372314,0.8113581538200378,"[0.044763922691345215, 0.03524577617645264, 0.0, 0.0]","[5.318237299434259e-07, 4.774234412252554e-07, 2.1544224182434846e-06, 1.73190471741691e-06]"
54,0.38334813738686535,0.383348119068653,3.995733341992862e-08,0.28375983251865655,0.397098065136748,0.8327268498854716,0.8327268498854716,0.0009964111487872494,0.25646767020225525,0.8076093792915344,"[0.04868680238723755, 0.02454012632369995, 0.0, 0.0]","[4.232933292769303e-07, 3.9199227330755093e-07, 2.1544224182434846e-06, 1.73190471741691e-06]"
55,0.3705906396286989,0.3705906263303813,3.3368098498115495e-08,0.33636304467421757,0.5007653913504297,0.8396274021338098,0.8396274021338098,0.0009962773315386935,0.29246342182159424,0.8190730214118958,"[0.031749725341796875, 0.03525334596633911, 0.0, 0.0]","[3.329185176426108e-07, 3.152054262045567e-07, 2.1544224182434846e-06, 1.73190471741691e-06]"
56,0.3625531176338523,0.36255310680144787,2.9721941419724834e-08,0.3131019479378848,0.4660909310845372,0.839786290589232,0.839786290589232,0.0009961410836323015,0.24211399257183075,0.8166378140449524,"[0.09495127201080322, 0.09373289346694946, 0.0, 1.1920928955078125e-07]","[2.589403891306574e-07, 2.483749597104179e-07, 2.1544224182434846e-06, 1.73190471741691e-06]"
57,0.3540586467048519,0.35405863900768,2.40502823996964e-08,0.29287681779611535,0.4540239568212714,0.8460734801409403,0.8460734801409403,0.0009960024064127849,0.25094661116600037,0.8290920853614807,"[0.028307080268859863, 0.02868962287902832, 0.0, 1.1920928955078125e-07]","[2.0519240706562414e-07, 1.9758488178922562e-07, 2.1544224182434846e-06, 1.73190471741691e-06]"
58,0.35159513440608414,0.3515951299145994,1.8474976839158026e-08,0.28986102602627073,0.46597824646897534,0.8471129124387026,0.8471129124387026,0.0009958613012488325,0.23141491413116455,0.8259384036064148,"[0.0707208514213562, 0.12524950504302979, 0.0, 0.0]","[1.662951092384901e-07, 1.6161203575393301e-07, 2.1544224182434846e-06, 1.73190471741691e-06]"
59,0.34775084318773686,0.3477508408979603,1.4858416181957212e-08,0.3022616146126476,0.5014267384392065,0.8460996656685099,0.8460996656685099,0.000995717769533095,0.2568276822566986,0.8270223736763,"[0.04225265979766846, 0.0580633282661438, 0.0, 0.0]","[1.376333358393822e-07, 1.3504516971352132e-07, 2.1544224182434846e-06, 1.73190471741691e-06]"
60,0.34430807538277713,0.34430807286402293,1.3866659816194608e-08,0.27146565745832407,0.48609911061957095,0.8502365352020036,0.8502365352020036,0.0009955718126821722,0.24096576869487762,0.8410746455192566,"[0.031680285930633545, 0.05170297622680664, 0.0, 0.0]","[1.1399773569564786e-07, 1.1231323782112668e-07, 2.1544224182434846e-06, 1.73190471741691e-06]"
61,0.34053163956102184,0.3405316359149931,1.5395381627797397e-08,0.24292235185345964,0.41934301628994725,0.8483285422694331,0.8483285422694331,0.0009954234321365998,0.21018759906291962,0.8253611922264099,"[0.04797399044036865, 0.09427046775817871, 0.0, 0.0]","[9.362204167473465e-08, 8.929780648259111e-08, 2.1544224182434846e-06, 1.73190471741691e-06]"
62,0.34101338009955473,0.3410133791660304,1.0059531270232701e-08,0.2570074727713119,0.46842238658095436,0.8469868668483675,0.8469868668483675,0.0009952726293608336,0.2212299257516861,0.8341665267944336,"[0.1218951940536499, 0.13013797998428345, 0.0, 0.0]","[8.010529484181461e-08, 7.796362666567802e-08, 2.1544224182434846e-06, 1.73190471741691e-06]"
63,0.3322983861814999,0.3322983852655893,1.0289987168096487e-08,0.2893510177610778,0.4537582659385728,0.8460606092884061,0.8460606092884061,0.0009951194058432362,0.2372758537530899,0.8283312916755676,"[0.05372971296310425, 0.02682328224182129, 0.0, 0.0]","[6.903914595568494e-08, 6.596550150561598e-08, 2.1544224182434846e-06, 1.73190471741691e-06]"
64,0.32946354997989413,0.3294635488350059,1.009185604967634e-08,0.3239174665108344,0.507459505541347,0.8458963949629696,0.8458963949629696,0.0009949637630960618,0.26924094557762146,0.8267731666564941,"[0.16520166397094727, 0.24648892879486084, 0.0, 0.0]","[5.884711384851471e-08, 5.6615387933334205e-08, 2.1544224182434846e-06, 1.73190471741691e-06]"
65,0.3298124480754771,0.3298124475294535,9.58170004489679e-09,0.3159509791901231,0.4687957218727679,0.8515329407279488,0.8515329407279488,0.0009948057026554415,0.2721969783306122,0.8449617028236389,"[0.05308741331100464, 0.082297682762146, 0.0, 0.0]","[5.145557580021887e-08, 4.7685848159062516e-08, 2.1544224182434846e-06, 1.73190471741691e-06]"
66,0.33003248196826196,0.33003248156314763,9.366888221458704e-09,0.2829722776862739,0.3249349093338863,0.8511046520143106,0.8511046520143106,0.000994645226081368,0.22946195304393768,0.8332469463348389,"[0.0528717041015625, 0.1346082091331482, 0.0, 0.0]","[4.5823011163292904e-08, 3.977824647449779e-08, 2.1544224182434846e-06, 1.73190471741691e-06]"
67,0.32520338107367214,0.32520338087992184,8.42229131721718e-09,0.2905068908837362,0.36957349773046705,0.8542087465875597,0.8542087465875597,0.0009944823349576806,0.21511441469192505,0.8279609084129333,"[0.041609108448028564, 0.1612619161605835, 0.0, 0.0]","[4.113169183028731e-08, 3.362146117069642e-08, 2.1544224182434846e-06, 1.73190471741691e-06]"
68,0.3232688304591686,0.32326883044155497,6.286465139754217e-09,0.3253324950758859,0.4677171176931407,0.8566772873391199,0.8566772873391199,0.0009943170308920482,0.25828441977500916,0.8362593650817871,"[0.04388535022735596, 0.10361534357070923, 0.0, 0.0]","[3.713650187364692e-08, 3.018370264840087e-08, 2.1544224182434846e-06, 1.73190471741691e-06]"
69,0.3200836499391154,0.3200836499391154,6.472813471843811e-09,0.30444057039172456,0.38890880970484554,0.8514188783451456,0.8514188783451456,0.0009941493155159562,0.2660910487174988,0.8361506462097168,"[0.10308670997619629, 0.36317434906959534, 0.0, 0.0]","[3.4336284926439475e-08, 2.6132131125677915e-08, 2.1544224182434846e-06, 1.73190471741691e-06]"
70,0.31787384625515475,0.3178738462375411,6.560299889612569e-09,0.31599183015464677,0.4483908060874173,0.8532678428850593,0.8532678428850593,0.000993979190484687,0.2645026445388794,0.8419992327690125,"[0.1184433102607727, 0.30663001537323, 0.0, 0.0]","[3.1052685756094434e-08, 2.2988096759490873e-08, 2.1544224182434846e-06, 1.73190471741691e-06]"
71,0.3143936711986578,0.3143936711986578,3.9207036808117224e-09,0.2956701893555465,0.43422134570632015,0.856041733517431,0.856041733517431,0.000993806657477306,0.2645258605480194,0.8409423232078552,"[0.03938579559326172, 0.18435931205749512, 0.0, 0.0]","[2.880286231743412e-08, 2.1533129057615952e-08, 2.1544224182434846e-06, 1.73190471741691e-06]"
72,0.31589283380243516,0.31589283380243516,3.442796010715125e-09,0.31293452293117846,0.4134949367526094,0.8579049003773823,0.8579049003773823,0.0009936317181966443,0.2363089770078659,0.8378632664680481,"[0.03829658031463623, 0.052306532859802246, 0.0, 0.0]","[2.697935030937515e-08, 2.0251627930178984e-08, 2.1544224182434846e-06, 1.73190471741691e-06]"
73,0.3135599895043576,0.3135599895043576,2.9051709586728676e-09,0.33209336282176977,0.41527844980530404,0.8636488511876468,0.8636488511876468,0.000993454374369282,0.2495308369398117,0.8470565676689148,"[0.12779033184051514, 0.09861034154891968, 0.0, 0.0]","[2.5377309142982085e-08, 1.9331759304463958e-08, 2.1544224182434846e-06, 1.73190471741691e-06]"
74,0.3054788791647194,0.3054788791647194,4.370772621097315e-09,0.3019607995550668,0.3755843039330891,0.8688464564989594,0.8688464564989594,0.0009932746277455317,0.22696948051452637,0.8558149933815002,"[0.18998485803604126, 0.22238492965698242, 0.0, 0.0]","[2.3666798298904723e-08, 1.75884764530565e-08, 2.1544224182434846e-06, 1.73190471741691e-06]"
75,0.3023694260640347,0.3023694260640347,2.797617657104615e-09,0.3111623212599526,0.42643386673118133,0.8699049731642725,0.8699049731642725,0.000993092480099419,0.25192615389823914,0.8416493535041809,"[0.07067674398422241, 0.0512310266494751, 0.0, 0.0]","[2.2446842606882456e-08, 1.6665493873802006e-08, 2.1544224182434846e-06, 1.73190471741691e-06]"
76,0.30247193416382406,0.30247193416382406,2.606130477498342e-09,0.25403239883007717,0.37761946729338036,0.8683742293577045,0.8683742293577045,0.0009929079332286685,0.24345612525939941,0.8518292307853699,"[0.12172645330429077, 0.029946744441986084, 0.0, 0.0]","[2.1376115100224524e-08, 1.5830995181431717e-08, 2.1544224182434846e-06, 1.73190471741691e-06]"
77,0.2922584393169581,0.2922584393169581,2.6267302418407853e-09,0.2457446039071459,0.30812654086311375,0.8605221216668375,0.8605221216668375,0.0009927209889546828,0.23199647665023804,0.8282861113548279,"[0.06835281848907471, 0.18996846675872803, 0.0, 0.0]","[2.0426041302812337e-08, 1.4970828132732095e-08, 2.1544224182434846e-06, 1.73190471741691e-06]"
78,0.29303229192434754,0.29303229192434754,1.9659416709808978e-09,0.28903020983639843,0.37209828114559573,0.8735221265488851,0.8735221265488851,0.0009925316491225266,0.24220989644527435,0.8524381518363953,"[0.07190895080566406, 0.027222156524658203, 0.0, 0.0]","[1.943242367019593e-08, 1.4572545836699646e-08, 2.1544224182434846e-06, 1.73190471741691e-06]"
79,0.2839953491098774,0.2839953491098774,2.030539011361538e-09,0.2705114991219142,0.39959584744591137,0.882457604965131,0.882457604965131,0.0009923399156009072,0.2340204268693924,0.8602458834648132,"[0.050036609172821045, 0.06266266107559204, 0.0, 0.0]","[1.8462966266952208e-08, 1.4167932604891575e-08, 2.1544224182434846e-06, 1.73190471741691e-06]"
80,0.28549959709599226,0.28549959709599226,2.978559186594665e-09,0.27854657245359565,0.37289967397064583,0.871259075615371,0.871259075615371,0.0009921457902821577,0.251782089471817,0.847769558429718,"[0.17442333698272705, 0.1818961501121521, 0.0, 0.0]","[1.7507746363776278e-08, 1.3308221191721259e-08, 2.1544224182434846e-06, 1.73190471741691e-06]"
81,0.2825572983346369,0.2825572983346369,1.8331988228450486e-09,0.27294208746919346,0.43960824635377066,0.8787432544527602,0.8787432544527602,0.0009919492750822163,0.2491379976272583,0.8511539101600647,"[0.5039881467819214, 0.6570402383804321, 0.0, 0.0]","[1.6861459783967803e-08, 1.2877899635554968e-08, 2.1544224182434846e-06, 1.73190471741691e-06]"
82,0.281374455079542,0.281374455079542,2.571271584309747e-09,0.3516163705108666,0.45566778415243886,0.8814958416050752,0.8814958416050752,0.0009917503719406087,0.28680434823036194,0.8609147667884827,"[0.1192396879196167, 0.08781015872955322, 0.0, 0.0]","[1.5857679613873188e-08, 1.2367252111289417e-08, 2.1544224182434846e-06, 1.73190471741691e-06]"
83,0.27617370213952186,0.27617370213952186,2.895443922809729e-09,0.3348313504340394,0.3510957408815465,0.8810169571263026,0.8810169571263026,0.0009915490828204287,0.2749459147453308,0.8664848208427429,"[0.08565413951873779, 0.10030388832092285, 0.0, 0.0]","[1.4901459621796675e-08, 1.1768232610620544e-08, 2.1544224182434846e-06, 1.73190471741691e-06]"
84,0.2716172379012226,0.2716172379012226,1.8326392049558516e-09,0.3452357211348132,0.38275579767747286,0.8872247024502996,0.8872247024502996,0.0009913454097083185,0.2756781280040741,0.869960367679596,"[0.05100667476654053, 0.051626741886138916, 0.0, 0.0]","[1.4392252722927878e-08, 1.134636118393928e-08, 2.1544224182434846e-06, 1.73190471741691e-06]"
85,0.2690638362762494,0.2690638362762494,1.8856333515891927e-09,0.33538731825369456,0.38692296836478424,0.8837264934960032,0.8837264934960032,0.0009911393546144496,0.2772238254547119,0.8665862083435059,"[0.07166624069213867, 0.039659738540649414, 0.0, 0.0]","[1.3895410155839727e-08, 1.0906383351994009e-08, 2.1544224182434846e-06, 1.73190471741691e-06]"
86,0.2669408313718671,0.2669408313718671,2.0281342710132647e-09,0.2936853463706825,0.3942312677127255,0.8853207039202398,0.8853207039202398,0.0009909309195725025,0.2437513917684555,0.8605583310127258,"[0.08730423450469971, 0.047474801540374756, 0.0, 0.0]","[1.333451837837174e-08, 1.0494028757079832e-08, 2.1544224182434846e-06, 1.73190471741691e-06]"
87,0.26396230870668486,0.26396230870668486,1.6802454262458776e-09,0.33547784074418097,0.45909296444782377,0.8822037384944564,0.8822037384944564,0.0009907201066396468,0.272061824798584,0.8650986552238464,"[0.029163360595703125, 0.027922511100769043, 0.0, 0.0]","[1.2850541075692945e-08, 1.0191707922047044e-08, 2.1544224182434846e-06, 1.73190471741691e-06]"
88,0.26159269917518535,0.26159269917518535,1.5054604550436927e-09,0.3590789733963223,0.4770735409322366,0.8796007195250389,0.8796007195250389,0.0009905069178965213,0.3063015937805176,0.8609301447868347,"[0.07227909564971924, 0.0710102915763855, 0.0, 0.0]","[1.2416272454629507e-08, 9.931985012201494e-09, 2.1544224182434846e-06, 1.73190471741691e-06]"
89,0.2616291777550047,0.2616291777550047,1.4283409380393533e-09,0.35965932415105883,0.5301631154812101,0.8905631353041715,0.8905631353041715,0.000990291355447213,0.3183106482028961,0.873870849609375,"[0.15489667654037476, 0.2665066123008728, 0.0, 0.0]","[1.2023869899735473e-08, 9.689354207864653e-09, 2.1544224182434846e-06, 1.73190471741691e-06]"
90,0.25978604856499826,0.25978604856499826,2.142984859043241e-09,0.35110283407001647,0.5363539290569341,0.8791120709512403,0.8791120709512403,0.0009900734214192358,0.29920098185539246,0.8593778610229492,"[0.08671343326568604, 0.14460378885269165, 0.0, 0.0]","[1.1607459882156945e-08, 9.21624287997247e-09, 2.1544224182434846e-06, 1.73190471741691e-06]"
91,0.25560615764794337,0.25560615764794337,1.949231817621744e-09,0.3438942993989204,0.5191362238197277,0.8899977054376689,0.8899977054376689,0.0009898531179635107,0.2961826026439667,0.8717169761657715,"[0.0933029055595398, 0.19287532567977905, 0.0, 0.0]","[1.1215883333193233e-08, 8.83185347078097e-09, 2.1544224182434846e-06, 1.73190471741691e-06]"
92,0.2554226663694596,0.2554226663694596,1.2649638525383984e-09,0.36125803952783403,0.4993246123361213,0.8903265779110429,0.8903265779110429,0.0009896304472543438,0.30818435549736023,0.8695477843284607,"[0.03982287645339966, 0.0606914758682251, 0.0, 0.0]","[1.0870102151727679e-08, 8.664367889821278e-09, 2.1544224182434846e-06, 1.73190471741691e-06]"
93,0.25246262786377127,0.25246262786377127,1.2948044064892678e-09,0.32279597018851774,0.4766706844312343,0.891481847881613,0.891481847881613,0.0009894054114894055,0.27034780383110046,0.8679737448692322,"[0.16360759735107422, 0.05053842067718506, 0.0, 0.0]","[1.0479228151893949e-08, 8.537380580264653e-09, 2.1544224182434846e-06, 1.73190471741691e-06]"
94,0.2532367597710579,0.2532367597710579,1.3643853464614856e-09,0.3112407873969922,0.4661514135618995,0.8934595209468686,0.8934595209468686,0.0009891780128897078,0.26280784606933594,0.8700528144836426,"[0.05838233232498169, 0.01369941234588623, 0.0, 0.0]","[1.0138641037826801e-08, 8.35491231754304e-09, 2.1544224182434846e-06, 1.73190471741691e-06]"
95,0.24814321115683438,0.24814321115683438,9.224457374397306e-10,0.2790688101988634,0.41015507995207484,0.8940049788008182,0.8940049788008182,0.0009889482536995825,0.26878854632377625,0.8721752166748047,"[0.06849932670593262, 0.10542070865631104, 0.0, 0.0]","[9.927155097955165e-09, 8.221365810356929e-09, 2.1544224182434846e-06, 1.73190471741691e-06]"
96,0.2481648027544608,0.2481648027544608,1.5158451009384041e-09,0.30536187719003277,0.4458253410059676,0.8916762421371296,0.8916762421371296,0.0009887161361866606,0.2605690360069275,0.8700661659240723,"[0.04595077037811279, 0.060806870460510254, 0.0, 0.0]","[9.651965449108957e-09, 7.959717329697469e-09, 2.1544224182434846e-06, 1.73190471741691e-06]"
97,0.24620840105780756,0.24620840105780756,1.5112573851913137e-09,0.31061319661745385,0.4638790004838598,0.8924467179991772,0.8924467179991772,0.0009884816626418483,0.2502290904521942,0.866154670715332,"[0.05409425497055054, 0.05436551570892334, 0.0, 0.0]","[9.384314658689163e-09, 7.703044424545169e-09, 2.1544224182434846e-06, 1.73190471741691e-06]"
98,0.24406692772293484,0.24406692772293484,1.0732532749640205e-09,0.36406961344408595,0.43154175595032374,0.8910380253804335,0.8910380253804335,0.000988244835379305,0.2932933270931244,0.8683817386627197,"[0.021162688732147217, 0.06395077705383301, 0.0, 0.0]","[9.142603119016712e-09, 7.57449836186197e-09, 2.1544224182434846e-06, 1.73190471741691e-06]"
99,0.24078830593126885,0.24078830593126885,8.658903039027166e-10,0.3335614689182503,0.4744843148775374,0.8933201606814983,0.8933201606814983,0.0009880056567364193,0.26820531487464905,0.8702242970466614,"[0.11021983623504639, 0.12101501226425171, 0.0, 0.0]","[8.96214480405888e-09, 7.459869166837052e-09, 2.1544224182434846e-06, 1.73190471741691e-06]"
100,0.24084474935458344,0.24084474935458344,1.1185410461331435e-09,0.3190232612965632,0.4672948203958434,0.8883781971308651,0.8883781971308651,0.0009877641290737885,0.2651546895503998,0.8666341304779053,"[0.11061644554138184, 0.1996300220489502, 0.0, 0.0]","[8.738071599623254e-09, 7.314898464727548e-09, 2.1544224182434846e-06, 1.73190471741691e-06]"
101,0.2348049186504761,0.2348049186504761,1.0516673974079015e-09,0.3477104528352286,0.5036973514435151,0.8966204248002688,0.8966204248002688,0.0009875202547751929,0.2967101037502289,0.8748891949653625,"[0.062485694885253906, 0.08941560983657837, 0.0, 0.0]","[8.574963850094264e-09, 7.1409940183286835e-09, 2.1544224182434846e-06, 1.73190471741691e-06]"
102,0.2345079255618384,0.2345079255618384,1.07177335789189e-09,0.30985396791505704,0.5046755115089514,0.8917157423397346,0.8917157423397346,0.0009872740362475737,0.2872457504272461,0.8719492554664612,"[0.1543043851852417, 0.22891312837600708, 0.0, 0.0]","[8.400068196579014e-09, 6.982801448174314e-09, 2.1544224182434846e-06, 1.73190471741691e-06]"
103,0.23607439284452875,0.23607439284452875,1.0866032564795985e-09,0.3105394869100992,0.497606981981982,0.897362939844742,0.897362939844742,0.000987025475921008,0.2688482105731964,0.8775402903556824,"[0.10088688135147095, 0.10310882329940796, 0.0, 0.0]","[8.209863899821812e-09, 6.839465882535478e-09, 2.1544224182434846e-06, 1.73190471741691e-06]"
104,0.23251180447655648,0.23251180447655648,1.5019114988825672e-09,0.29845248836959754,0.36240200398608324,0.8915253424867285,0.8915253424867285,0.000986774576248686,0.2546462118625641,0.8654407858848572,"[0.26534605026245117, 0.23541945219039917, 0.0, 0.0]","[7.944928270831042e-09, 6.656849294017775e-09, 2.1544224182434846e-06, 1.73190471741691e-06]"
105,0.22956063022427525,0.22956063022427525,1.4937983679183025e-09,0.31758902744793865,0.44598086737632775,0.9010728521321011,0.9010728521321011,0.0009865213397068863,0.27349022030830383,0.8808059692382812,"[0.10396718978881836, 0.04944652318954468, 0.0, 0.0]","[7.72611663535372e-09, 6.443234390474117e-09, 2.1544224182434846e-06, 1.73190471741691e-06]"
106,0.22765712795809934,0.22765712795809934,1.0741455378003973e-09,0.3261950655629618,0.4805728842653395,0.8869073693619564,0.8869073693619564,0.0009862657687949512,0.2817518413066864,0.8699648380279541,"[0.06661587953567505, 0.11457991600036621, 0.0, 0.0]","[7.574021410050591e-09, 6.294084808899925e-09, 2.1544224182434846e-06, 1.73190471741691e-06]"
107,0.22905216623212146,0.22905216623212146,1.413725167976118e-09,0.3278810337850105,0.46106620527176795,0.8940458104709268,0.8940458104709268,0.0009860078660352625,0.28132084012031555,0.8689213395118713,"[0.37144041061401367, 0.4052276611328125, 0.0, 0.0]","[7.404485025119811e-09, 6.08810335478438e-09, 2.1544224182434846e-06, 1.73190471741691e-06]"
108,0.22435293601160916,0.22435293601160916,1.6709844675202217e-09,0.32667655525083955,0.4580251607105827,0.9022023803976028,0.9022023803976028,0.000985747633973216,0.279445618391037,0.8838630318641663,"[0.1388382911682129, 0.3252209424972534, 0.0, 0.0]","[7.212020758373683e-09, 5.8460338792087896e-09, 2.1544224182434846e-06, 1.73190471741691e-06]"
109,0.22382956442046673,0.22382956442046673,1.3179848374026155e-09,0.336759760080878,0.48780666056081656,0.889614686619151,0.889614686619151,0.0009854850751771977,0.3110576272010803,0.8670398592948914,"[0.21175634860992432, 0.26760584115982056, 0.0, 0.0]","[7.03950142622034e-09, 5.681082715369712e-09, 2.1544224182434846e-06, 1.73190471741691e-06]"
110,0.22176349142799703,0.22176349142799703,7.081387607898688e-10,0.35605682270172384,0.48242948031151356,0.8985261986203333,0.8985261986203333,0.0009852201922385564,0.2958327829837799,0.8749917149543762,"[0.05549806356430054, 0.04038172960281372, 0.0, 0.0]","[6.939675945005774e-09, 5.600339303413193e-09, 2.1544224182434846e-06, 1.73190471741691e-06]"
111,0.21957070959938896,0.21957070959938896,1.1943454365607599e-09,0.3815838407912162,0.4855788893113062,0.9067923927048008,0.9067923927048008,0.00098495298777158,0.30823367834091187,0.8829056620597839,"[0.2970024347305298, 0.2521374821662903, 0.0, 0.0]","[6.767511440131102e-09, 5.477895470562544e-09, 2.1544224182434846e-06, 1.73190471741691e-06]"
112,0.2234216201918345,0.2234216201918345,2.1961395281780983e-09,0.34131616001015813,0.5110171712633349,0.9035924324712968,0.9035924324712968,0.0009846834644134685,0.31729981303215027,0.8866898417472839,"[0.24335813522338867, 0.20862668752670288, 0.0, 0.0]","[6.456705392565709e-09, 5.261111990506606e-09, 2.1544224182434846e-06, 1.73190471741691e-06]"
113,0.2153495085771343,0.2153495085771343,1.0837339998348703e-09,0.37396026123437115,0.5088617629778116,0.908727014987442,0.908727014987442,0.000984411624824309,0.3028862178325653,0.8878250122070312,"[0.10105037689208984, 0.08428442478179932, 0.0, 0.0]","[6.323698897858776e-09, 5.144563886005926e-09, 2.1544224182434846e-06, 1.73190471741691e-06]"
114,0.21485495358599838,0.21485495358599838,1.4287957270564113e-09,0.40343974896137863,0.5584206729107625,0.9095631765796641,0.9095631765796641,0.000984137471687048,0.36928001046180725,0.8923563957214355,"[0.08861684799194336, 0.024280309677124023, 0.0, 0.0]","[6.167533150858162e-09, 4.9798760670682896e-09, 2.1544224182434846e-06, 1.73190471741691e-06]"
115,0.21505646557320376,0.21505646557320376,1.128275103336713e-09,0.38485517215323806,0.5236932904771779,0.9059899616226683,0.9059899616226683,0.000983861007707467,0.3828987777233124,0.88767009973526,"[0.14110374450683594, 0.045736730098724365, 0.0, 0.0]","[6.027121912666189e-09, 4.8713606481953775e-09, 2.1544224182434846e-06, 1.73190471741691e-06]"
116,0.21917511565042724,0.21917511565042724,1.3882877899709846e-09,0.3996816565058849,0.4962079646782332,0.9161836768297581,0.9161836768297581,0.000983582235614153,0.325564980506897,0.8987935185432434,"[0.02887439727783203, 0.03972208499908447, 0.0, 0.0]","[5.824930759956715e-09, 4.767755079626568e-09, 2.1544224182434846e-06, 1.73190471741691e-06]"
117,0.21331822118296973,0.21331822118296973,1.1905374155982396e-09,0.3612815446655023,0.5189835775673372,0.9091730566011273,0.9091730566011273,0.0009833011581584746,0.3174654245376587,0.8909289240837097,"[0.03829598426818848, 0.1546599268913269, 0.0, 0.0]","[5.6699325234887965e-09, 4.6723376279089734e-09, 2.1544224182434846e-06, 1.73190471741691e-06]"
118,0.20840424222620665,0.20840424222620665,1.7735128879665616e-09,0.3385996667269516,0.44736584410497454,0.9139250641212558,0.9139250641212558,0.0009830177781145527,0.2621171772480011,0.8923559188842773,"[0.23718208074569702, 0.5713791847229004, 0.0, 0.0]","[5.502462041562239e-09, 4.487022753352221e-09, 2.1544224182434846e-06, 1.73190471741691e-06]"
119,0.2116735239312863,0.2116735239312863,1.8165726382092756e-09,0.33785518393943076,0.4933289267528398,0.9097824248952467,0.9097824248952467,0.000982732098279234,0.28133130073547363,0.8890098929405212,"[0.1994081735610962, 0.05602860450744629, 0.0, 0.0]","[5.336588060345093e-09, 4.303406964112355e-09, 2.1544224182434846e-06, 1.73190471741691e-06]"
120,0.2047480353931445,0.2047480353931445,1.3761467891152772e-09,0.3588549411573199,0.4928961890279026,0.904035367327474,0.904035367327474,0.0009824441214720627,0.2915310561656952,0.8817553520202637,"[0.09570974111557007, 0.21532326936721802, 0.0, 0.0]","[5.193385277380003e-09, 4.189231184170694e-09, 2.1544224182434846e-06, 1.73190471741691e-06]"
121,0.20478496797400444,0.20478496797400444,1.3710913740058905e-09,0.3933592374256645,0.5040303650837539,0.9059313770525126,0.9059313770525126,0.0009821538505352544,0.3344188630580902,0.8858261108398438,"[0.06750571727752686, 0.1802157759666443, 0.0, 0.0]","[5.083386600546191e-09, 4.051082580502907e-09, 2.1544224182434846e-06, 1.73190471741691e-06]"
122,0.20404673850353164,0.20404673850353164,1.02737279807719e-09,0.3499171679489956,0.4569836380498145,0.9160989067320329,0.9160989067320329,0.0009818612883336654,0.30685362219810486,0.892949640750885,"[0.043981313705444336, 0.19002246856689453, 0.0, 0.0]","[4.984608725777662e-09, 3.964386152688348e-09, 2.1544224182434846e-06, 1.73190471741691e-06]"
123,0.20147214226653673,0.20147214226653673,7.286109108518613e-10,0.37869674345728654,0.4899336276813898,0.9115306417273927,0.9115306417273927,0.0009815664377547666,0.3135419189929962,0.8927496075630188,"[0.11325788497924805, 0.14218515157699585, 0.0, 0.0]","[4.913595308408958e-09, 3.906163392741746e-09, 2.1544224182434846e-06, 1.73190471741691e-06]"
124,0.20109263711540692,0.20109263711540692,9.062470992150247e-10,0.34197326709771986,0.46093227978618007,0.8993845513376144,0.8993845513376144,0.0009812693017086146,0.31519463658332825,0.8806313872337341,"[0.14394497871398926, 0.16043472290039062, 0.0, 0.0]","[4.83835815856537e-09, 3.824274674713024e-09, 2.1544224182434846e-06, 1.73190471741691e-06]"
125,0.19753123169883768,0.19753123169883768,1.0022322428728314e-09,0.3114613363469115,0.40017727126103086,0.9183504182805162,0.9183504182805162,0.0009809698831278217,0.24743638932704926,0.9004943370819092,"[0.03210794925689697, 0.17967861890792847, 0.0, 0.0]","[4.760939642522999e-09, 3.732139042256222e-09, 2.1544224182434846e-06, 1.73190471741691e-06]"
126,0.1973844663664945,0.1973844663664945,9.175961883381939e-10,0.3668417297568738,0.47717146494320406,0.919569154868755,0.919569154868755,0.0009806681849675288,0.2790815532207489,0.905555009841919,"[0.08171290159225464, 0.1710132360458374, 0.0, 0.0]","[4.674602038789999e-09, 3.66344488078596e-09, 2.1544224182434846e-06, 1.73190471741691e-06]"
127,0.19444870943507403,0.19444870943507403,9.802413514134198e-10,0.33544751046038757,0.39575269003018365,0.9198088190193919,0.9198088190193919,0.0009803642102053747,0.28373876214027405,0.8969531059265137,"[0.274617075920105, 0.4991905689239502, 0.0, 0.0]","[4.574046919003649e-09, 3.6002083536601504e-09, 2.1544224182434846e-06, 1.73190471741691e-06]"
128,0.19168788989032695,0.19168788989032695,9.542326703561391e-10,0.36529330933049337,0.4681556156540172,0.9186468917113041,0.9186468917113041,0.0009800579618414677,0.30486175417900085,0.899944007396698,"[0.3044968843460083, 0.32704490423202515, 0.0, 0.0]","[4.510817941394407e-09, 3.5132161624318314e-09, 2.1544224182434846e-06, 1.73190471741691e-06]"
129,0.1894933543042511,0.1894933543042511,1.3366749632877128e-09,0.3868004431684957,0.5265608079306928,0.9229541890852507,0.9229541890852507,0.0009797494428983554,0.3565209209918976,0.9106500744819641,"[0.12622886896133423, 0.12430113554000854, 0.0, 0.0]","[4.42728476102161e-09, 3.39188943598856e-09, 2.1544224182434846e-06, 1.73190471741691e-06]"
130,0.18897612245828266,0.18897612245828266,1.0653023461729093e-09,0.3592788933738505,0.47836671390060137,0.9142361836945827,0.9142361836945827,0.0009794386564209953,0.30517539381980896,0.8940567374229431,"[0.28958219289779663, 0.37124645709991455, 0.0, 0.0]","[4.362763039722495e-09, 3.2992912846196987e-09, 2.1544224182434846e-06, 1.73190471741691e-06]"
131,0.18643865067221171,0.18643865067221171,8.618508442704178e-10,0.32964440596355743,0.40382854081703184,0.9161281990171107,0.9161281990171107,0.0009791256054767245,0.25312837958335876,0.8926730155944824,"[0.04073643684387207, 0.0672256350517273, 0.0, 0.0]","[4.295657163311262e-09, 3.23571169857928e-09, 2.1544224182434846e-06, 1.73190471741691e-06]"
132,0.1824383587349673,0.1824383587349673,1.3135917106156527e-09,0.33289449105062424,0.45007963526186034,0.9242155326336028,0.9242155326336028,0.0009788102931552294,0.2945620119571686,0.9048873782157898,"[0.559772253036499, 0.7683607339859009, 0.0, 0.0]","[4.207930448529851e-09, 3.1347240359025363e-09, 2.1544224182434846e-06, 1.73190471741691e-06]"
133,0.17785418622776972,0.17785418622776972,1.077411443749675e-09,0.35901002634567236,0.4274667490380406,0.9249860084956503,0.9249860084956503,0.0009784927225685153,0.28639280796051025,0.9035784602165222,"[0.13587647676467896, 0.10404425859451294, 0.0, 0.0]","[4.130975117533353e-09, 3.058185926718693e-09, 2.1544224182434846e-06, 1.73190471741691e-06]"
134,0.1796701037309553,0.1796701037309553,1.4541465602896703e-09,0.3043337391742552,0.29205296248934354,0.9264905667746487,0.9264905667746487,0.0009781728968508757,0.2579170763492584,0.9112631678581238,"[0.5509952902793884, 0.5583975315093994, 0.0, 0.0]","[4.041127432685698e-09, 2.9520890176826242e-09, 2.1544224182434846e-06, 1.73190471741691e-06]"
135,0.17783542344650477,0.17783542344650477,1.9528242501854105e-09,0.36804038799785127,0.4017649362917905,0.9211926575780695,0.9211926575780695,0.0009778508191588613,0.2955878674983978,0.8995639681816101,"[0.2442563772201538, 0.3193202018737793, 0.0, 0.0]","[3.902916656528532e-09, 2.8276205821242684e-09, 2.1544224182434846e-06, 1.73190471741691e-06]"
136,0.17470062436452288,0.17470062436452288,2.256968459543379e-09,0.3443910367449096,0.40389010333863273,0.9225640691067141,0.9225640691067141,0.000977526492671249,0.30524536967277527,0.905083417892456,"[0.24586457014083862, 0.47111260890960693, 0.0, 0.0]","[3.73688280319584e-09, 2.7028936866457798e-09, 2.1544224182434846e-06, 1.73190471741691e-06]"
137,0.17125694745662787,0.17125694745662787,2.1260160592211804e-09,0.34032715596420077,0.4633720997212046,0.9274057287720807,0.9274057287720807,0.0009771999205890102,0.3072059154510498,0.9078950881958008,"[0.2740013003349304, 0.48798495531082153, 0.0, 0.0]","[3.584695429381668e-09, 2.592054793026932e-09, 2.1544224182434846e-06, 1.73190471741691e-06]"
138,0.17060309979210367,0.17060309979210367,2.345492092575906e-09,0.3032418192274055,0.4251968560632243,0.9279995632786588,0.9279995632786588,0.0009768711061352792,0.29962411522865295,0.91655033826828,"[0.20575320720672607, 0.3094863295555115, 0.0, 0.0]","[3.4108524893383674e-09, 2.4857753633256152e-09, 2.1544224182434846e-06, 1.73190471741691e-06]"
139,0.16980983319540396,0.16980983319540396,1.6015057510377242e-09,0.37098323392890037,0.5052752960761273,0.9267448770678245,0.9267448770678245,0.0009765400525553225,0.30464890599250793,0.9084407687187195,"[0.1043211817741394, 0.4677969217300415, 0.0, 0.0]","[3.3218905404197585e-09, 2.3970714302379292e-09, 2.1544224182434846e-06, 1.73190471741691e-06]"
140,0.16487960786014866,0.16487960786014866,1.5655605994346794e-09,0.3505935724419131,0.4319950145157946,0.9266383596675415,0.9266383596675415,0.000976206763116505,0.281487375497818,0.9055564999580383,"[0.1762237548828125, 0.2953627109527588, 0.0, 0.0]","[3.2302667207773084e-09, 2.3177975094768044e-09, 2.1544224182434846e-06, 1.73190471741691e-06]"
141,0.16319791297153097,0.16319791297153097,2.1367869787071504e-09,0.34294419094332995,0.43223658441049745,0.9344056972606831,0.9344056972606831,0.0009758712411082587,0.28666937351226807,0.9181463718414307,"[0.6699649691581726, 0.7834576964378357, 0.0, 0.0]","[3.0883622326172144e-09, 2.2298332069681237e-09, 2.1544224182434846e-06, 1.73190471741691e-06]"
142,0.1648331532391321,0.1648331532391321,8.741021069225351e-10,0.35715007574272745,0.4280006509066611,0.9340648415797773,0.9340648415797773,0.0009755334898420507,0.3012958765029907,0.917036235332489,"[0.4632747173309326, 0.5778533816337585, 0.0, 0.0]","[3.031760398286565e-09, 2.193312642617684e-09, 2.1544224182434846e-06, 1.73190471741691e-06]"
143,0.16035149387363565,0.16035149387363565,1.1718364626764757e-09,0.3741188388488601,0.5013619357848897,0.9265589154398303,0.9265589154398303,0.0009751935126513496,0.32285717129707336,0.9091861248016357,"[0.07428467273712158, 0.4011998772621155, 0.0, 0.0]","[2.9763833619966817e-09, 2.131621323897548e-09, 2.1544224182434846e-06, 1.73190471741691e-06]"
144,0.16066014605528073,0.16066014605528073,1.182183251967336e-09,0.33745788797958626,0.4840383862122993,0.9336791598262524,0.9336791598262524,0.0009748513128915927,0.2867072522640228,0.9122738242149353,"[0.18385255336761475, 0.3311588168144226, 0.0, 0.0]","[2.9153819358640476e-09, 2.076036009768245e-09, 2.1544224182434846e-06, 1.73190471741691e-06]"
145,0.15803449138135917,0.15803449138135917,1.5986586720821532e-09,0.3294109282656053,0.5024200191239833,0.9398589443326751,0.9398589443326751,0.0009745068939401539,0.3081665337085724,0.9242425560951233,"[0.38352954387664795, 0.5068967342376709, 0.0, 0.0]","[2.8247419958660203e-09, 2.011192545836593e-09, 2.1544224182434846e-06, 1.73190471741691e-06]"
146,0.15752237500627272,0.15752237500627272,1.2255388807799218e-09,0.3253064004032605,0.5243405969908528,0.9194617498234696,0.9194617498234696,0.000974160259196309,0.2960338294506073,0.8968737721443176,"[0.32542335987091064, 0.3271370232105255, 0.0, 0.0]","[2.763030471086836e-09, 1.9583517030241637e-09, 2.1544224182434846e-06, 1.73190471741691e-06]"
147,0.1538654318647393,0.1538654318647393,1.7153985171680232e-09,0.3104669724336396,0.45318008225616924,0.9369647778024839,0.9369647778024839,0.0009738114120812029,0.29554513096809387,0.9190330505371094,"[0.03168290853500366, 0.16154462099075317, 0.0, 0.0]","[2.6645037287664763e-09, 1.896822032776413e-09, 2.1544224182434846e-06, 1.73190471741691e-06]"
148,0.15101739569582556,0.15101739569582556,1.633444381913226e-09,0.29603935026758554,0.4933220864726619,0.9334341698056013,0.9334341698056013,0.000973460356037816,0.2896507978439331,0.9183432459831238,"[0.8995042443275452, 0.9582244157791138, 0.0, 0.0]","[2.5692896699069934e-09, 1.8460104556083934e-09, 2.1544224182434846e-06, 1.73190471741691e-06]"
149,0.1560161958138148,0.1560161958138148,1.723623263029413e-09,0.2885383007437568,0.49762030252759154,0.9363562971533669,0.9363562971533669,0.0009731070945309295,0.3002493679523468,0.9239709973335266,"[0.5137831568717957, 0.8251864910125732, 0.0, 0.0]","[2.4786359631434607e-09, 1.787140990749947e-09, 2.1544224182434846e-06, 1.73190471741691e-06]"
150,0.15215145072615738,0.15215145072615738,9.017644200147705e-10,0.28787111473691085,0.4803475150342158,0.9410692482933916,0.9410692482933916,0.000972751631047092,0.2767511010169983,0.9230890274047852,"[0.20712924003601074, 0.11270630359649658, 0.0, 0.0]","[2.445193381106492e-09, 1.747394229312249e-09, 2.1544224182434846e-06, 1.73190471741691e-06]"
151,0.14877834215090913,0.14877834215090913,9.398400917181874e-10,0.2767865423606938,0.4642850971175779,0.9362737461681475,0.9362737461681475,0.0009723939690945845,0.29237738251686096,0.9199268221855164,"[0.3881016969680786, 0.6453816890716553, 0.0, 0.0]","[2.4111579399743732e-09, 1.7075215685835587e-09, 2.1544224182434846e-06, 1.73190471741691e-06]"
152,0.14932064402927744,0.14932064402927744,1.0938771506012477e-09,0.3150298750864335,0.4826922910762425,0.9388829786525815,0.9388829786525815,0.0009720341122033861,0.3366028070449829,0.9230683445930481,"[0.12228119373321533, 0.42179369926452637, 0.0, 0.0]","[2.367604334807538e-09, 1.6640869793249635e-09, 2.1544224182434846e-06, 1.73190471741691e-06]"
153,0.14855207312174018,0.14855207312174018,7.731270607132892e-10,0.26967100906595237,0.3532727500518421,0.9395611394343837,0.9395611394343837,0.0009716720639251392,0.2875248193740845,0.9257038235664368,"[0.0691368579864502, 0.39485904574394226, 0.0, 0.0]","[2.3455797304450243e-09, 1.6287288184813065e-09, 2.1544224182434846e-06, 1.73190471741691e-06]"
154,0.14733021035702376,0.14733021035702376,6.643199354157982e-10,0.29143365147011374,0.40156908826985555,0.9347474405865913,0.9347474405865913,0.0009713078278331138,0.27449485659599304,0.920325756072998,"[0.04830366373062134, 0.3241835832595825, 0.0, 0.0]","[2.327712467220522e-09, 1.5980095025014407e-09, 2.1544224182434846e-06, 1.73190471741691e-06]"
155,0.1471068184717116,0.1471068184717116,6.206770664149187e-10,0.32214568423399137,0.5111550569111311,0.9361077565527064,0.9361077565527064,0.0009709414075221735,0.28692418336868286,0.9183318018913269,"[0.15998303890228271, 0.15070408582687378, 0.0, 0.0]","[2.310435176511305e-09, 1.5703356393004242e-09, 2.1544224182434846e-06, 1.73190471741691e-06]"
156,0.1463844048356897,0.1463844048356897,6.415574309327138e-10,0.3507688730450403,0.4854525241353886,0.9408389044152794,0.9408389044152794,0.0009705728066087384,0.28806865215301514,0.9261598587036133,"[0.20535701513290405, 0.1065015196800232, 0.0, 2.384185791015625e-07]","[2.292158018946111e-09, 1.5423141652703976e-09, 2.1544224182434846e-06, 1.73190471741691e-06]"
